{"cameraMode":{"drawMode":0,"name":"Shaded","section":"Shading Mode"},"sceneLighting":false,"audioPlay":false,"sceneViewState":{"m_AlwaysRefresh":false,"showFog":true,"showSkybox":false,"showFlares":true,"showImageEffects":false,"showParticleSystems":true,"showVisualEffectGraphs":true,"m_FxEnabled":false},"in2DMode":false,"pivot":{"x":-0.02252018451690674,"y":-0.4023643732070923,"z":0.3510695993900299},"rotation":{"x":-0.06056148558855057,"y":0.7380160689353943,"z":-0.06682831048965454,"w":-0.6687433123588562},"size":2.2817838191986086,"orthographic":false}