{"cameraMode":{"drawMode":0,"name":"Shaded","section":"Shading Mode"},"sceneLighting":true,"audioPlay":false,"sceneViewState":{"m_AlwaysRefresh":false,"showFog":true,"showSkybox":true,"showFlares":true,"showImageEffects":false,"showParticleSystems":true,"showVisualEffectGraphs":true,"m_FxEnabled":true},"in2DMode":false,"pivot":{"x":0.882490873336792,"y":8.736624717712403,"z":69.09999084472656},"rotation":{"x":-0.05675864219665527,"y":0.39381447434425356,"z":-0.024372471496462823,"w":-0.9171121716499329},"size":23.568315505981447,"orthographic":false}